ACX,ACY,ACZ,GX,GY,GZ,PRESS1,PRESS2,PRESS3,Time,TanAhKow,No,0
0.06,0.44,0.87,8.05,-11.48,-4.76,1,0,1,16/06/2023 03:52:41,,
0.08,0.51,0.91,-1.96,-3.01,-4.97,1,0,0,16/06/2023 03:52:41,,
0.10,0.49,0.89,-17.50,5.67,-1.19,0,0,1,16/06/2023 03:52:41,,
0.11,0.45,0.86,-14.21,6.44,3.85,1,0,0,16/06/2023 03:52:41,,
0.11,0.45,0.86,-14.21,6.44,3.85,1,0,0,16/06/2023 03:52:41,,
0.11,0.45,0.86,-14.21,6.44,3.85,1,0,0,16/06/2023 03:52:41,,
0.08,0.43,0.86,-3.85,7.70,-1.89,0,1,1,16/06/2023 03:52:41,,
0.08,0.43,0.86,-3.85,7.70,-1.89,0,1,1,16/06/2023 03:52:41,,
0.08,0.43,0.86,-3.85,7.70,-1.89,0,1,1,16/06/2023 03:52:41,,
0.08,0.43,0.86,-3.85,7.70,-1.89,0,1,1,16/06/2023 03:52:41,,
-0.03,0.39,0.92,7.07,-5.46,5.67,0,0,0,16/06/2023 03:52:41,,
0.17,0.41,0.88,11.13,-16.59,-4.06,0,1,1,16/06/2023 03:52:41,,
0.17,0.41,0.88,11.13,-16.59,-4.06,0,1,1,16/06/2023 03:52:41,,
0.08,0.49,0.90,-1.12,-4.27,3.15,1,0,0,16/06/2023 03:52:41,,
0.08,0.49,0.90,-1.12,-4.27,3.15,1,0,0,16/06/2023 03:52:41,,
0.08,0.49,0.90,-1.12,-4.27,3.15,1,0,0,16/06/2023 03:52:41,,
0.04,0.47,0.89,9.66,-7.00,2.31,0,0,1,16/06/2023 03:52:41,,
0.04,0.47,0.89,9.66,-7.00,2.31,0,0,1,16/06/2023 03:52:41,,
0.04,0.47,0.89,9.66,-7.00,2.31,0,0,1,16/06/2023 03:52:41,,
0.07,0.47,0.88,4.41,-2.03,1.96,0,1,0,16/06/2023 03:52:41,,
0.07,0.47,0.88,4.41,-2.03,1.96,0,1,0,16/06/2023 03:52:41,,
0.07,0.47,0.88,4.41,-2.03,1.96,0,1,0,16/06/2023 03:52:41,,
0.07,0.47,0.88,4.41,-2.03,1.96,0,1,0,16/06/2023 03:52:41,,
0.08,0.49,0.88,16.87,-4.20,0.70,0,1,1,16/06/2023 03:52:41,,
0.08,0.49,0.88,16.87,-4.20,0.70,0,1,1,16/06/2023 03:52:41,,
0.08,0.49,0.88,16.87,-4.20,0.70,0,1,1,16/06/2023 03:52:41,,
0.08,0.49,0.88,16.87,-4.20,0.70,0,1,1,16/06/2023 03:52:41,,
0.09,0.53,0.88,11.76,-2.80,2.10,1,0,1,16/06/2023 03:52:41,,
0.09,0.53,0.88,11.76,-2.80,2.10,1,0,1,16/06/2023 03:52:41,,
0.09,0.53,0.88,11.76,-2.80,2.10,1,0,1,16/06/2023 03:52:41,,
0.10,0.53,0.88,7.00,-4.13,2.87,1,1,0,16/06/2023 03:52:41,,
0.10,0.53,0.88,7.00,-4.13,2.87,1,1,0,16/06/2023 03:52:42,,
0.10,0.53,0.88,7.00,-4.13,2.87,1,1,0,16/06/2023 03:52:42,,
0.10,0.50,0.89,7.98,-3.85,3.43,0,0,0,16/06/2023 03:52:42,,
0.10,0.50,0.89,7.98,-3.85,3.43,0,0,0,16/06/2023 03:52:42,,
0.10,0.50,0.89,7.98,-3.85,3.43,0,0,0,16/06/2023 03:52:42,,
0.11,0.55,0.86,10.08,-5.25,3.99,1,0,0,16/06/2023 03:52:42,,
0.11,0.55,0.86,10.08,-5.25,3.99,1,0,0,16/06/2023 03:52:42,,
0.11,0.55,0.86,10.08,-5.25,3.99,1,0,0,16/06/2023 03:52:42,,
0.11,0.55,0.86,10.08,-5.25,3.99,1,0,0,16/06/2023 03:52:42,,
0.10,0.53,0.87,5.60,-4.41,6.51,1,0,0,16/06/2023 03:52:42,,
0.10,0.53,0.87,5.60,-4.41,6.51,1,0,0,16/06/2023 03:52:42,,
0.10,0.53,0.87,5.60,-4.41,6.51,1,0,0,16/06/2023 03:52:42,,
0.10,0.53,0.87,5.60,-4.41,6.51,1,0,0,16/06/2023 03:52:42,,
0.10,0.56,0.83,7.35,-5.95,7.00,0,1,0,16/06/2023 03:52:42,,
0.10,0.56,0.83,7.35,-5.95,7.00,0,1,0,16/06/2023 03:52:42,,
0.10,0.56,0.83,7.35,-5.95,7.00,0,1,0,16/06/2023 03:52:42,,
0.09,0.55,0.82,5.18,-3.92,7.98,0,0,0,16/06/2023 03:52:42,,
0.09,0.55,0.82,5.18,-3.92,7.98,0,0,0,16/06/2023 03:52:42,,
0.09,0.55,0.82,5.18,-3.92,7.98,0,0,0,16/06/2023 03:52:42,,
0.09,0.55,0.82,5.18,-3.92,7.98,0,0,0,16/06/2023 03:52:42,,
0.10,0.56,0.82,-1.40,-1.47,5.53,0,1,1,16/06/2023 03:52:42,,
0.10,0.56,0.82,-1.40,-1.47,5.53,0,1,1,16/06/2023 03:52:42,,
0.10,0.56,0.82,-1.40,-1.47,5.53,0,1,1,16/06/2023 03:52:42,,
0.10,0.56,0.82,-6.16,-1.12,3.57,0,0,1,16/06/2023 03:52:42,,
0.10,0.56,0.82,-6.16,-1.12,3.57,0,0,1,16/06/2023 03:52:42,,
0.10,0.56,0.82,-6.16,-1.12,3.57,0,0,1,16/06/2023 03:52:42,,
0.10,0.56,0.82,-6.16,-1.12,3.57,0,0,1,16/06/2023 03:52:42,,
0.11,0.55,0.83,-2.03,-0.70,4.48,0,0,0,16/06/2023 03:52:42,,
0.11,0.55,0.83,-2.03,-0.70,4.48,0,0,0,16/06/2023 03:52:42,,
0.11,0.55,0.83,-2.03,-0.70,4.48,0,0,0,16/06/2023 03:52:42,,
0.11,0.55,0.83,-2.03,-0.70,4.48,0,0,0,16/06/2023 03:52:42,,
0.11,0.53,0.84,-3.43,0.35,1.19,0,0,1,16/06/2023 03:52:42,,
0.11,0.53,0.84,-3.43,0.35,1.19,0,0,1,16/06/2023 03:52:42,,
0.11,0.53,0.84,-3.43,0.35,1.19,0,0,1,16/06/2023 03:52:42,,
0.12,0.54,0.83,-0.77,-0.42,2.24,0,1,0,16/06/2023 03:52:42,,
0.12,0.54,0.83,-0.77,-0.42,2.24,0,1,0,16/06/2023 03:52:42,,
0.12,0.54,0.83,-0.77,-0.42,2.24,0,1,0,16/06/2023 03:52:42,,
0.12,0.54,0.83,-0.77,-0.42,2.24,0,1,0,16/06/2023 03:52:42,,
0.10,0.55,0.86,-1.75,-1.75,2.31,0,1,1,16/06/2023 03:52:42,,
0.10,0.55,0.86,-1.75,-1.75,2.31,0,1,1,16/06/2023 03:52:42,,
0.10,0.55,0.86,-1.75,-1.75,2.31,0,1,1,16/06/2023 03:52:42,,
0.10,0.52,0.84,-0.98,-2.17,0.56,0,0,1,16/06/2023 03:52:42,,
0.10,0.52,0.84,-0.98,-2.17,0.56,0,0,1,16/06/2023 03:52:42,,
0.10,0.52,0.84,-0.98,-2.17,0.56,0,0,1,16/06/2023 03:52:42,,
0.10,0.52,0.84,-0.98,-2.17,0.56,0,0,1,16/06/2023 03:52:42,,
0.11,0.54,0.85,-1.47,-1.75,0.77,1,1,1,16/06/2023 03:52:42,,
0.11,0.54,0.85,-1.47,-1.75,0.77,1,1,1,16/06/2023 03:52:42,,
0.11,0.54,0.85,-1.47,-1.75,0.77,1,1,1,16/06/2023 03:52:42,,
0.11,0.54,0.85,-1.47,-1.75,0.77,1,1,1,16/06/2023 03:52:42,,
0.10,0.53,0.86,-0.21,-1.33,-0.63,0,1,0,16/06/2023 03:52:42,,
0.10,0.53,0.86,-0.21,-1.33,-0.63,0,1,0,16/06/2023 03:52:42,,
0.10,0.53,0.86,-0.21,-1.33,-0.63,0,1,0,16/06/2023 03:52:42,,
0.11,0.53,0.84,0.14,-1.82,-0.07,0,0,0,16/06/2023 03:52:42,,
0.11,0.53,0.84,0.14,-1.82,-0.07,0,0,0,16/06/2023 03:52:42,,
0.11,0.53,0.84,0.14,-1.82,-0.07,0,0,0,16/06/2023 03:52:42,,
0.11,0.53,0.84,0.14,-1.82,-0.07,0,0,0,16/06/2023 03:52:42,,
0.11,0.53,0.87,-4.20,-0.35,0.21,1,0,0,16/06/2023 03:52:42,,
0.11,0.53,0.87,-4.20,-0.35,0.21,1,0,0,16/06/2023 03:52:42,,
0.11,0.53,0.87,-4.20,-0.35,0.21,1,0,0,16/06/2023 03:52:43,,
0.11,0.55,0.85,0.21,-2.38,0.07,1,0,1,16/06/2023 03:52:43,,
0.11,0.55,0.85,0.21,-2.38,0.07,1,0,1,16/06/2023 03:52:43,,
0.11,0.55,0.85,0.21,-2.38,0.07,1,0,1,16/06/2023 03:52:43,,
0.10,0.53,0.86,-4.83,-0.77,1.33,1,0,0,16/06/2023 03:52:43,,
0.10,0.53,0.86,-4.83,-0.77,1.33,1,0,0,16/06/2023 03:52:43,,
0.10,0.53,0.86,-4.83,-0.77,1.33,1,0,0,16/06/2023 03:52:43,,
0.10,0.53,0.86,-4.83,-0.77,1.33,1,0,0,16/06/2023 03:52:43,,
0.10,0.53,0.86,-4.83,-0.77,1.33,1,0,0,16/06/2023 03:52:43,,
0.10,0.53,0.86,-4.83,-0.77,1.33,1,0,0,16/06/2023 03:52:43,,
0.11,0.53,0.86,-4.06,-1.82,2.80,0,0,0,16/06/2023 03:52:43,,
0.11,0.53,0.86,-9.31,-0.28,4.20,0,0,0,16/06/2023 03:52:43,,
0.11,0.53,0.86,-9.31,-0.28,4.20,0,0,0,16/06/2023 03:52:43,,
0.12,0.52,0.87,-11.20,0.56,7.07,0,0,0,16/06/2023 03:52:43,,
0.12,0.52,0.87,-11.20,0.56,7.07,0,0,0,16/06/2023 03:52:43,,
0.12,0.52,0.87,-11.20,0.56,7.07,0,0,0,16/06/2023 03:52:43,,
0.11,0.48,0.87,-15.89,0.14,6.93,2,0,0,16/06/2023 03:52:43,,
0.11,0.48,0.87,-15.89,0.14,6.93,2,0,0,16/06/2023 03:52:43,,
0.11,0.48,0.87,-15.89,0.14,6.93,2,0,0,16/06/2023 03:52:43,,
0.11,0.48,0.87,-15.89,0.14,6.93,2,0,0,16/06/2023 03:52:43,,
0.09,0.45,0.87,-8.47,-2.52,5.04,0,1,1,16/06/2023 03:52:43,,
0.09,0.45,0.87,-8.47,-2.52,5.04,0,1,1,16/06/2023 03:52:43,,
0.09,0.45,0.87,-8.47,-2.52,5.04,0,1,1,16/06/2023 03:52:43,,
0.10,0.41,0.90,-1.89,-1.96,0.63,1,0,0,16/06/2023 03:52:43,,
0.10,0.41,0.90,-1.89,-1.96,0.63,1,0,0,16/06/2023 03:52:43,,
0.10,0.41,0.90,-1.89,-1.96,0.63,1,0,0,16/06/2023 03:52:43,,
0.13,0.46,0.89,-3.15,-1.82,2.17,0,0,1,16/06/2023 03:52:43,,
0.13,0.46,0.89,-3.15,-1.82,2.17,0,0,1,16/06/2023 03:52:43,,
0.13,0.46,0.89,-3.15,-1.82,2.17,0,0,1,16/06/2023 03:52:43,,
0.13,0.45,0.89,-3.01,-0.63,-2.24,1,0,0,16/06/2023 03:52:43,,
0.13,0.45,0.89,-3.01,-0.63,-2.24,1,0,0,16/06/2023 03:52:43,,
0.13,0.45,0.89,-3.01,-0.63,-2.24,1,0,0,16/06/2023 03:52:43,,
0.11,0.46,0.89,4.90,1.82,-0.56,0,0,0,16/06/2023 03:52:43,,
0.11,0.46,0.89,4.90,1.82,-0.56,0,0,0,16/06/2023 03:52:43,,
0.11,0.46,0.89,4.90,1.82,-0.56,0,0,0,16/06/2023 03:52:43,,
0.11,0.46,0.89,4.90,1.82,-0.56,0,0,0,16/06/2023 03:52:43,,
0.10,0.48,0.90,-3.22,-0.35,2.24,1,1,0,16/06/2023 03:52:43,,
0.10,0.48,0.90,-3.22,-0.35,2.24,1,1,0,16/06/2023 03:52:43,,
0.10,0.48,0.90,-3.22,-0.35,2.24,1,1,0,16/06/2023 03:52:43,,
0.10,0.48,0.90,-3.22,-0.35,2.24,1,1,0,16/06/2023 03:52:43,,
0.09,0.50,0.89,2.38,-3.71,-1.68,0,0,0,16/06/2023 03:52:43,,
0.09,0.50,0.89,2.38,-3.71,-1.68,0,0,0,16/06/2023 03:52:43,,
0.10,0.47,0.88,0.56,-2.73,1.47,0,1,0,16/06/2023 03:52:43,,
0.10,0.47,0.88,0.56,-2.73,1.47,0,1,0,16/06/2023 03:52:43,,
0.10,0.47,0.88,0.56,-2.73,1.47,0,1,0,16/06/2023 03:52:43,,
0.10,0.47,0.88,0.56,-2.73,1.47,0,1,0,16/06/2023 03:52:43,,
0.10,0.48,0.88,-0.63,-1.61,-1.12,1,1,0,16/06/2023 03:52:43,,
0.10,0.48,0.88,-0.63,-1.61,-1.12,1,1,0,16/06/2023 03:52:43,,
0.10,0.47,0.89,0.77,-1.75,0.42,0,0,0,16/06/2023 03:52:43,,
0.10,0.47,0.89,0.77,-1.75,0.42,0,0,0,16/06/2023 03:52:43,,
0.10,0.47,0.89,0.77,-1.75,0.42,0,0,0,16/06/2023 03:52:43,,
0.10,0.47,0.89,0.77,-1.75,0.42,0,0,0,16/06/2023 03:52:43,,
0.09,0.50,0.90,-1.26,-2.80,1.05,1,0,0,16/06/2023 03:52:43,,
0.09,0.50,0.90,-1.26,-2.80,1.05,1,0,0,16/06/2023 03:52:43,,
0.09,0.50,0.90,-1.26,-2.80,1.05,1,0,0,16/06/2023 03:52:44,,
0.09,0.50,0.90,-1.26,-2.80,1.05,1,0,0,16/06/2023 03:52:44,,
0.10,0.48,0.87,3.64,-2.45,1.33,0,1,0,16/06/2023 03:52:44,,
0.10,0.48,0.87,3.64,-2.45,1.33,0,1,0,16/06/2023 03:52:44,,
0.10,0.47,0.88,3.64,-3.50,0.56,0,0,1,16/06/2023 03:52:44,,
0.10,0.47,0.88,3.64,-3.50,0.56,0,0,1,16/06/2023 03:52:44,,
0.10,0.47,0.88,3.64,-3.50,0.56,0,0,1,16/06/2023 03:52:44,,
0.10,0.47,0.88,3.64,-3.50,0.56,0,0,1,16/06/2023 03:52:44,,
0.11,0.46,0.89,1.19,-2.52,-0.98,0,0,0,16/06/2023 03:52:44,,
0.11,0.46,0.89,1.19,-2.52,-0.98,0,0,0,16/06/2023 03:52:44,,
0.11,0.46,0.89,1.19,-2.52,-0.98,0,0,0,16/06/2023 03:52:44,,
0.10,0.48,0.88,1.61,-1.33,-0.49,0,1,0,16/06/2023 03:52:44,,
0.10,0.48,0.88,1.61,-1.33,-0.49,0,1,0,16/06/2023 03:52:44,,
0.10,0.48,0.88,1.61,-1.33,-0.49,0,1,0,16/06/2023 03:52:44,,
0.09,0.48,0.90,4.48,-3.50,0.84,1,0,0,16/06/2023 03:52:44,,
0.09,0.48,0.90,4.48,-3.50,0.84,1,0,0,16/06/2023 03:52:44,,
0.09,0.48,0.90,4.48,-3.50,0.84,1,0,0,16/06/2023 03:52:44,,
0.09,0.48,0.90,4.48,-3.50,0.84,1,0,0,16/06/2023 03:52:44,,
0.10,0.49,0.89,7.07,-5.04,-0.35,0,1,0,16/06/2023 03:52:44,,
0.10,0.49,0.89,7.07,-5.04,-0.35,0,1,0,16/06/2023 03:52:44,,
0.11,0.49,0.87,3.85,-3.85,0.91,0,0,0,16/06/2023 03:52:44,,
0.11,0.49,0.87,3.85,-3.85,0.91,0,0,0,16/06/2023 03:52:44,,
0.11,0.49,0.87,3.85,-3.85,0.91,0,0,0,16/06/2023 03:52:44,,
0.11,0.49,0.87,3.85,-3.85,0.91,0,0,0,16/06/2023 03:52:44,,
0.12,0.48,0.87,4.90,-2.80,0.63,0,0,0,16/06/2023 03:52:44,,
0.12,0.48,0.87,4.90,-2.80,0.63,0,0,0,16/06/2023 03:52:44,,
0.12,0.48,0.87,4.90,-2.80,0.63,0,0,0,16/06/2023 03:52:44,,
0.12,0.49,0.87,2.66,-1.12,-1.05,0,0,0,16/06/2023 03:52:44,,
0.12,0.49,0.87,2.66,-1.12,-1.05,0,0,0,16/06/2023 03:52:44,,
0.12,0.49,0.87,2.66,-1.12,-1.05,0,0,0,16/06/2023 03:52:44,,
0.10,0.50,0.87,3.85,-2.52,-0.21,0,0,0,16/06/2023 03:52:44,,
0.10,0.50,0.87,3.85,-2.52,-0.21,0,0,0,16/06/2023 03:52:44,,
0.10,0.50,0.87,3.85,-2.52,-0.21,0,0,0,16/06/2023 03:52:44,,
0.10,0.50,0.87,3.85,-2.52,-0.21,0,0,0,16/06/2023 03:52:44,,
0.10,0.49,0.87,6.02,-2.87,-1.47,1,0,0,16/06/2023 03:52:44,,
0.10,0.49,0.87,6.02,-2.87,-1.47,1,0,0,16/06/2023 03:52:44,,
0.10,0.49,0.87,6.02,-2.87,-1.47,1,0,0,16/06/2023 03:52:44,,
0.09,0.50,0.85,14.35,-2.45,-4.41,0,0,0,16/06/2023 03:52:44,,
0.09,0.50,0.85,14.35,-2.45,-4.41,0,0,0,16/06/2023 03:52:44,,
0.09,0.50,0.85,14.35,-2.45,-4.41,0,0,0,16/06/2023 03:52:44,,
0.10,0.53,0.86,7.98,-0.91,-2.17,1,1,0,16/06/2023 03:52:44,,
0.10,0.53,0.86,7.98,-0.91,-2.17,1,1,0,16/06/2023 03:52:44,,
0.10,0.53,0.86,7.98,-0.91,-2.17,1,1,0,16/06/2023 03:52:44,,
0.10,0.53,0.86,12.53,-3.36,0.56,1,0,0,16/06/2023 03:52:44,,
0.10,0.53,0.86,12.53,-3.36,0.56,1,0,0,16/06/2023 03:52:44,,
0.10,0.53,0.86,12.53,-3.36,0.56,1,0,0,16/06/2023 03:52:44,,
0.10,0.53,0.86,12.53,-3.36,0.56,1,0,0,16/06/2023 03:52:44,,
0.10,0.53,0.84,3.71,0.00,-1.40,0,0,0,16/06/2023 03:52:44,,
0.10,0.53,0.84,3.71,0.00,-1.40,0,0,0,16/06/2023 03:52:44,,
0.10,0.53,0.84,3.71,0.00,-1.40,0,0,0,16/06/2023 03:52:44,,
0.10,0.55,0.84,10.08,-1.82,-2.17,0,0,0,16/06/2023 03:52:44,,
0.10,0.55,0.84,10.08,-1.82,-2.17,0,0,0,16/06/2023 03:52:44,,
0.10,0.55,0.84,10.08,-1.82,-2.17,0,0,0,16/06/2023 03:52:44,,
0.09,0.58,0.84,7.91,-3.50,-1.19,0,1,1,16/06/2023 03:52:44,,
0.09,0.58,0.84,7.91,-3.50,-1.19,0,1,1,16/06/2023 03:52:45,,
0.09,0.58,0.84,7.91,-3.50,-1.19,0,1,1,16/06/2023 03:52:45,,
0.09,0.58,0.84,7.91,-3.50,-1.19,0,1,1,16/06/2023 03:52:45,,
0.11,0.56,0.83,5.18,-2.17,-2.03,0,0,1,16/06/2023 03:52:45,,
0.11,0.56,0.83,5.18,-2.17,-2.03,0,0,1,16/06/2023 03:52:45,,
0.10,0.56,0.83,3.01,-1.96,0.07,0,0,0,16/06/2023 03:52:45,,
0.10,0.56,0.83,3.01,-1.96,0.07,0,0,0,16/06/2023 03:52:45,,
0.10,0.56,0.83,3.01,-1.96,0.07,0,0,0,16/06/2023 03:52:45,,
0.10,0.56,0.83,3.01,-1.96,0.07,0,0,0,16/06/2023 03:52:45,,
0.09,0.59,0.85,-2.59,-1.19,0.28,0,0,0,16/06/2023 03:52:45,,
0.09,0.59,0.85,-2.59,-1.19,0.28,0,0,0,16/06/2023 03:52:45,,
0.09,0.59,0.85,-2.59,-1.19,0.28,0,0,0,16/06/2023 03:52:45,,
0.09,0.59,0.85,-2.59,-1.19,0.28,0,0,0,16/06/2023 03:52:45,,
0.09,0.59,0.84,-1.61,-5.25,1.40,0,1,0,16/06/2023 03:52:45,,
0.09,0.59,0.84,-1.61,-5.25,1.40,0,1,0,16/06/2023 03:52:45,,
0.09,0.59,0.84,-1.61,-5.25,1.40,0,1,0,16/06/2023 03:52:45,,
0.10,0.58,0.84,-7.77,-4.83,4.27,0,0,1,16/06/2023 03:52:45,,
0.10,0.58,0.84,-7.77,-4.83,4.27,0,0,1,16/06/2023 03:52:45,,
0.10,0.58,0.84,-7.77,-4.83,4.27,0,0,1,16/06/2023 03:52:45,,
0.10,0.58,0.84,-7.77,-4.83,4.27,0,0,1,16/06/2023 03:52:45,,
0.11,0.53,0.83,-0.28,-5.39,2.24,0,1,0,16/06/2023 03:52:45,,
0.11,0.53,0.83,-0.28,-5.39,2.24,0,1,0,16/06/2023 03:52:45,,
0.12,0.55,0.83,-0.35,-4.27,0.91,1,1,0,16/06/2023 03:52:45,,
0.12,0.55,0.83,-0.35,-4.27,0.91,1,1,0,16/06/2023 03:52:45,,
0.12,0.55,0.83,-0.35,-4.27,0.91,1,1,0,16/06/2023 03:52:45,,
0.12,0.55,0.83,-0.35,-4.27,0.91,1,1,0,16/06/2023 03:52:45,,
0.13,0.53,0.84,-5.39,-2.17,1.96,0,0,0,16/06/2023 03:52:45,,
0.13,0.53,0.84,-5.39,-2.17,1.96,0,0,0,16/06/2023 03:52:45,,
0.13,0.53,0.84,-5.39,-2.17,1.96,0,0,0,16/06/2023 03:52:45,,
0.13,0.53,0.84,-5.39,-2.17,1.96,0,0,0,16/06/2023 03:52:45,,
0.10,0.53,0.85,-0.84,-1.89,1.05,0,0,0,16/06/2023 03:52:45,,
0.10,0.53,0.85,-0.84,-1.89,1.05,0,0,0,16/06/2023 03:52:45,,
0.10,0.53,0.85,-0.84,-1.89,1.05,0,0,0,16/06/2023 03:52:45,,
0.10,0.55,0.84,-0.07,-3.15,0.21,0,0,0,16/06/2023 03:52:45,,
0.10,0.55,0.84,-0.07,-3.15,0.21,0,0,0,16/06/2023 03:52:45,,
0.10,0.55,0.84,-0.07,-3.15,0.21,0,0,0,16/06/2023 03:52:45,,
0.11,0.54,0.82,1.05,-1.47,0.00,0,1,0,16/06/2023 03:52:45,,
0.11,0.54,0.82,1.05,-1.47,0.00,0,1,0,16/06/2023 03:52:45,,
0.11,0.54,0.82,1.05,-1.47,0.00,0,1,0,16/06/2023 03:52:45,,
0.10,0.56,0.86,4.27,-3.43,-0.14,0,0,1,16/06/2023 03:52:45,,
0.10,0.56,0.86,4.27,-3.43,-0.14,0,0,1,16/06/2023 03:52:45,,
0.10,0.56,0.86,4.27,-3.43,-0.14,0,0,1,16/06/2023 03:52:45,,
0.12,0.56,0.83,2.94,-2.94,-1.54,1,1,1,16/06/2023 03:52:45,,
0.12,0.56,0.83,2.94,-2.94,-1.54,1,1,1,16/06/2023 03:52:45,,
0.12,0.56,0.83,2.94,-2.94,-1.54,1,1,1,16/06/2023 03:52:45,,
0.12,0.56,0.83,2.94,-2.94,-1.54,1,1,1,16/06/2023 03:52:45,,
0.10,0.56,0.85,-3.57,-0.84,0.63,0,0,1,16/06/2023 03:52:45,,
0.10,0.56,0.85,-3.57,-0.84,0.63,0,0,1,16/06/2023 03:52:45,,
0.10,0.56,0.85,-3.57,-0.84,0.63,0,0,1,16/06/2023 03:52:45,,
0.10,0.56,0.85,-3.01,-1.82,0.14,0,1,0,16/06/2023 03:52:45,,
0.10,0.56,0.85,-3.01,-1.82,0.14,0,1,0,16/06/2023 03:52:45,,
0.10,0.56,0.85,-3.01,-1.82,0.14,0,1,0,16/06/2023 03:52:45,,
0.10,0.56,0.85,-3.01,-1.82,0.14,0,1,0,16/06/2023 03:52:45,,
0.11,0.58,0.85,-7.14,-3.08,2.73,0,0,1,16/06/2023 03:52:45,,
0.11,0.58,0.85,-7.14,-3.08,2.73,0,0,1,16/06/2023 03:52:45,,
0.11,0.58,0.85,-7.14,-3.08,2.73,0,0,1,16/06/2023 03:52:45,,
0.12,0.54,0.83,-6.37,-2.94,3.92,1,0,1,16/06/2023 03:52:46,,
0.12,0.54,0.83,-6.37,-2.94,3.92,1,0,1,16/06/2023 03:52:46,,
0.12,0.54,0.83,-6.37,-2.94,3.92,1,0,1,16/06/2023 03:52:46,,
0.12,0.54,0.83,-6.37,-2.94,3.92,1,0,1,16/06/2023 03:52:46,,
0.12,0.51,0.85,-11.48,-0.49,2.38,0,2,0,16/06/2023 03:52:46,,
0.12,0.51,0.85,-11.48,-0.49,2.38,0,2,0,16/06/2023 03:52:46,,
0.12,0.51,0.85,-11.48,-0.49,2.38,0,2,0,16/06/2023 03:52:46,,
0.11,0.50,0.86,-0.49,-2.87,1.19,0,0,0,16/06/2023 03:52:46,,
0.11,0.50,0.86,-0.49,-2.87,1.19,0,0,0,16/06/2023 03:52:46,,
0.11,0.50,0.86,-0.49,-2.87,1.19,0,0,0,16/06/2023 03:52:46,,
0.11,0.51,0.84,5.32,-2.80,-1.12,0,0,0,16/06/2023 03:52:46,,
0.11,0.51,0.84,5.32,-2.80,-1.12,0,0,0,16/06/2023 03:52:46,,
0.11,0.51,0.84,5.32,-2.80,-1.12,0,0,0,16/06/2023 03:52:46,,
0.11,0.51,0.84,5.32,-2.80,-1.12,0,0,0,16/06/2023 03:52:46,,
0.11,0.52,0.85,6.16,-1.82,-2.10,1,0,1,16/06/2023 03:52:46,,
0.11,0.52,0.85,6.16,-1.82,-2.10,1,0,1,16/06/2023 03:52:46,,
0.11,0.52,0.85,6.16,-1.82,-2.10,1,0,1,16/06/2023 03:52:46,,
0.10,0.54,0.84,9.38,-2.59,-2.52,0,0,0,16/06/2023 03:52:46,,
0.10,0.54,0.84,9.38,-2.59,-2.52,0,0,0,16/06/2023 03:52:46,,
0.10,0.54,0.84,9.38,-2.59,-2.52,0,0,0,16/06/2023 03:52:46,,
0.10,0.54,0.84,9.38,-2.59,-2.52,0,0,0,16/06/2023 03:52:46,,
0.10,0.55,0.86,1.26,-1.68,-0.98,0,0,1,16/06/2023 03:52:46,,
0.10,0.55,0.86,1.26,-1.68,-0.98,0,0,1,16/06/2023 03:52:46,,
0.10,0.55,0.86,1.26,-1.68,-0.98,0,0,1,16/06/2023 03:52:46,,
0.11,0.56,0.85,2.59,-3.36,1.54,0,0,0,16/06/2023 03:52:46,,
0.11,0.56,0.85,2.59,-3.36,1.54,0,0,0,16/06/2023 03:52:46,,
0.11,0.56,0.85,2.59,-3.36,1.54,0,0,0,16/06/2023 03:52:46,,
0.11,0.54,0.85,-0.49,-5.11,2.03,1,0,0,16/06/2023 03:52:46,,
0.11,0.54,0.85,-0.49,-5.11,2.03,1,0,0,16/06/2023 03:52:46,,
0.11,0.54,0.85,-0.49,-5.11,2.03,1,0,0,16/06/2023 03:52:46,,
0.11,0.54,0.85,-0.49,-5.11,2.03,1,0,0,16/06/2023 03:52:46,,
0.12,0.54,0.83,-0.77,-3.22,2.17,0,0,0,16/06/2023 03:52:46,,
0.12,0.54,0.83,-0.77,-3.22,2.17,0,0,0,16/06/2023 03:52:46,,
0.12,0.54,0.83,-0.77,-3.22,2.17,0,0,0,16/06/2023 03:52:46,,
0.11,0.55,0.86,1.89,-6.02,2.87,0,0,1,16/06/2023 03:52:46,,
0.11,0.55,0.86,1.89,-6.02,2.87,0,0,1,16/06/2023 03:52:46,,
0.11,0.55,0.86,1.89,-6.02,2.87,0,0,1,16/06/2023 03:52:46,,
0.11,0.55,0.86,1.89,-6.02,2.87,0,0,1,16/06/2023 03:52:46,,
0.11,0.54,0.83,4.76,-4.97,4.48,0,0,1,16/06/2023 03:52:46,,
0.11,0.54,0.83,4.76,-4.97,4.48,0,0,1,16/06/2023 03:52:46,,
0.11,0.54,0.83,4.76,-4.97,4.48,0,0,1,16/06/2023 03:52:46,,
0.11,0.54,0.83,4.76,-4.97,4.48,0,0,1,16/06/2023 03:52:46,,
0.11,0.54,0.83,4.76,-4.97,4.48,0,0,1,16/06/2023 03:52:46,,
0.11,0.54,0.83,4.76,-4.97,4.48,0,0,1,16/06/2023 03:52:46,,
0.11,0.54,0.83,4.76,-4.97,4.48,0,0,1,16/06/2023 03:52:46,,
0.13,0.52,0.83,-6.72,1.89,3.36,0,0,0,16/06/2023 03:52:46,,
0.11,0.53,0.86,0.28,-2.87,-1.12,1,0,0,16/06/2023 03:52:46,,
0.11,0.53,0.86,0.28,-2.87,-1.12,1,0,0,16/06/2023 03:52:46,,
0.11,0.53,0.86,0.28,-2.87,-1.12,1,0,0,16/06/2023 03:52:46,,
0.12,0.58,0.85,-4.20,-4.48,0.98,1,1,0,16/06/2023 03:52:46,,
0.12,0.58,0.85,-4.20,-4.48,0.98,1,1,0,16/06/2023 03:52:46,,
0.13,0.55,0.83,-5.25,-3.36,3.57,0,0,0,16/06/2023 03:52:46,,
0.13,0.55,0.83,-5.25,-3.36,3.57,0,0,0,16/06/2023 03:52:46,,
0.13,0.55,0.83,-5.25,-3.36,3.57,0,0,0,16/06/2023 03:52:46,,
0.13,0.55,0.83,-5.25,-3.36,3.57,0,0,0,16/06/2023 03:52:46,,
0.13,0.50,0.85,-9.73,17.78,1.68,1,1,0,16/06/2023 03:52:46,,
0.13,0.50,0.85,-9.73,17.78,1.68,1,1,0,16/06/2023 03:52:46,,
0.13,0.50,0.85,-9.73,17.78,1.68,1,1,0,16/06/2023 03:52:47,,
0.13,0.50,0.85,-9.73,17.78,1.68,1,1,0,16/06/2023 03:52:47,,
0.13,0.50,0.85,-9.73,17.78,1.68,1,1,0,16/06/2023 03:52:47,,
0.13,0.50,0.85,-9.73,17.78,1.68,1,1,0,16/06/2023 03:52:47,,
0.13,0.50,0.85,-9.73,17.78,1.68,1,1,0,16/06/2023 03:52:47,,
0.12,0.53,0.86,0.14,-3.99,1.05,0,0,0,16/06/2023 03:52:47,,
0.12,0.51,0.86,0.35,-3.64,1.33,0,0,0,16/06/2023 03:52:47,,
0.12,0.51,0.86,0.35,-3.64,1.33,0,0,0,16/06/2023 03:52:47,,
0.12,0.51,0.86,0.35,-3.64,1.33,0,0,0,16/06/2023 03:52:47,,
0.14,0.54,0.85,-0.35,-2.52,1.05,0,0,0,16/06/2023 03:52:47,,
0.14,0.54,0.85,-0.35,-2.52,1.05,0,0,0,16/06/2023 03:52:47,,
0.12,0.51,0.85,-5.95,-1.96,0.56,0,0,0,16/06/2023 03:52:47,,
0.12,0.51,0.85,-5.95,-1.96,0.56,0,0,0,16/06/2023 03:52:47,,
0.12,0.51,0.85,-5.95,-1.96,0.56,0,0,0,16/06/2023 03:52:47,,
0.12,0.51,0.85,-5.95,-1.96,0.56,0,0,0,16/06/2023 03:52:47,,
0.13,0.55,0.86,-14.28,-3.57,2.59,0,0,0,16/06/2023 03:52:47,,
0.13,0.55,0.86,-14.28,-3.57,2.59,0,0,0,16/06/2023 03:52:47,,
0.13,0.55,0.86,-14.28,-3.57,2.59,0,0,0,16/06/2023 03:52:47,,
0.13,0.55,0.86,-14.28,-3.57,2.59,0,0,0,16/06/2023 03:52:47,,
0.13,0.50,0.87,-16.52,0.63,6.93,0,1,1,16/06/2023 03:52:47,,
0.13,0.50,0.87,-16.52,0.63,6.93,0,1,1,16/06/2023 03:52:47,,
0.13,0.50,0.87,-16.52,0.63,6.93,0,1,1,16/06/2023 03:52:47,,
0.14,0.46,0.87,-2.52,-0.70,3.08,1,0,1,16/06/2023 03:52:47,,
0.14,0.46,0.87,-2.52,-0.70,3.08,1,0,1,16/06/2023 03:52:47,,
0.14,0.46,0.87,-2.52,-0.70,3.08,1,0,1,16/06/2023 03:52:47,,
0.14,0.46,0.87,-2.52,-0.70,3.08,1,0,1,16/06/2023 03:52:47,,
0.11,0.50,0.87,3.99,-2.10,1.82,0,0,0,16/06/2023 03:52:47,,
0.11,0.50,0.87,3.99,-2.10,1.82,0,0,0,16/06/2023 03:52:47,,
0.13,0.47,0.88,2.52,-1.82,0.63,0,0,0,16/06/2023 03:52:47,,
0.13,0.47,0.88,2.52,-1.82,0.63,0,0,0,16/06/2023 03:52:47,,
0.13,0.47,0.88,2.52,-1.82,0.63,0,0,0,16/06/2023 03:52:47,,
0.13,0.47,0.88,2.52,-1.82,0.63,0,0,0,16/06/2023 03:52:47,,
0.14,0.49,0.86,3.57,-2.45,-1.68,1,2,0,16/06/2023 03:52:47,,
0.14,0.49,0.86,3.57,-2.45,-1.68,1,2,0,16/06/2023 03:52:47,,
0.14,0.49,0.86,3.57,-2.45,-1.68,1,2,0,16/06/2023 03:52:47,,
0.14,0.49,0.86,3.57,-2.45,-1.68,1,2,0,16/06/2023 03:52:47,,
0.13,0.51,0.87,0.21,-1.12,-0.49,1,0,0,16/06/2023 03:52:47,,
0.13,0.51,0.87,0.21,-1.12,-0.49,1,0,0,16/06/2023 03:52:47,,
0.13,0.51,0.87,0.21,-1.12,-0.49,1,0,0,16/06/2023 03:52:47,,
0.12,0.48,0.87,2.94,-4.41,-0.49,2,0,1,16/06/2023 03:52:47,,
0.12,0.48,0.87,2.94,-4.41,-0.49,2,0,1,16/06/2023 03:52:47,,
0.12,0.48,0.87,2.94,-4.41,-0.49,2,0,1,16/06/2023 03:52:47,,
0.12,0.48,0.87,2.94,-4.41,-0.49,2,0,1,16/06/2023 03:52:47,,
0.10,0.51,0.89,-7.63,-3.36,-2.66,0,0,0,16/06/2023 03:52:47,,
0.10,0.51,0.89,-7.63,-3.36,-2.66,0,0,0,16/06/2023 03:52:47,,
0.10,0.51,0.89,-7.63,-3.36,-2.66,0,0,0,16/06/2023 03:52:47,,
0.13,0.46,0.86,-17.50,-4.55,-3.85,0,1,0,16/06/2023 03:52:47,,
0.13,0.46,0.86,-17.50,-4.55,-3.85,0,1,0,16/06/2023 03:52:47,,
0.13,0.46,0.86,-17.50,-4.55,-3.85,0,1,0,16/06/2023 03:52:47,,
0.13,0.46,0.86,-17.50,-4.55,-3.85,0,1,0,16/06/2023 03:52:47,,
0.14,0.51,0.88,-27.44,-3.92,-0.70,0,2,0,16/06/2023 03:52:47,,
0.14,0.51,0.88,-27.44,-3.92,-0.70,0,2,0,16/06/2023 03:52:47,,
0.14,0.51,0.88,-27.44,-3.92,-0.70,0,2,0,16/06/2023 03:52:47,,
0.14,0.51,0.88,-27.44,-3.92,-0.70,0,2,0,16/06/2023 03:52:47,,
0.14,0.43,0.91,-25.48,-5.04,0.21,0,0,0,16/06/2023 03:52:47,,
0.14,0.43,0.91,-25.48,-5.04,0.21,0,0,0,16/06/2023 03:52:47,,
0.15,0.39,0.94,-19.67,-8.05,-1.26,1,2,1,16/06/2023 03:52:47,,
0.15,0.39,0.94,-19.67,-8.05,-1.26,1,2,1,16/06/2023 03:52:48,,
0.15,0.39,0.94,-19.67,-8.05,-1.26,1,2,1,16/06/2023 03:52:48,,
0.15,0.39,0.94,-19.67,-8.05,-1.26,1,2,1,16/06/2023 03:52:48,,
0.14,0.41,0.91,-7.28,-10.99,-4.34,1,0,0,16/06/2023 03:52:48,,
0.14,0.41,0.91,-7.28,-10.99,-4.34,1,0,0,16/06/2023 03:52:48,,
0.14,0.41,0.91,-7.28,-10.99,-4.34,1,0,0,16/06/2023 03:52:48,,
0.13,0.40,0.90,1.68,-11.06,-6.23,1,1,1,16/06/2023 03:52:48,,
0.13,0.40,0.90,1.68,-11.06,-6.23,1,1,1,16/06/2023 03:52:48,,
0.13,0.40,0.90,1.68,-11.06,-6.23,1,1,1,16/06/2023 03:52:48,,
0.13,0.40,0.90,1.68,-11.06,-6.23,1,1,1,16/06/2023 03:52:48,,
0.14,0.40,0.89,7.00,-6.37,-5.39,0,0,0,16/06/2023 03:52:48,,
0.14,0.40,0.89,7.00,-6.37,-5.39,0,0,0,16/06/2023 03:52:48,,
0.14,0.40,0.89,7.00,-6.37,-5.39,0,0,0,16/06/2023 03:52:48,,
0.15,0.43,0.86,5.25,-3.78,-9.80,0,1,0,16/06/2023 03:52:48,,
0.15,0.43,0.86,5.25,-3.78,-9.80,0,1,0,16/06/2023 03:52:48,,
0.15,0.43,0.86,5.25,-3.78,-9.80,0,1,0,16/06/2023 03:52:48,,
0.14,0.38,0.93,18.55,-1.54,-12.74,0,0,0,16/06/2023 03:52:48,,
0.14,0.38,0.93,18.55,-1.54,-12.74,0,0,0,16/06/2023 03:52:48,,
0.14,0.38,0.93,18.55,-1.54,-12.74,0,0,0,16/06/2023 03:52:48,,
0.14,0.38,0.93,18.55,-1.54,-12.74,0,0,0,16/06/2023 03:52:48,,
0.17,0.50,0.89,18.90,-6.09,-7.70,0,0,0,16/06/2023 03:52:48,,
0.17,0.50,0.89,18.90,-6.09,-7.70,0,0,0,16/06/2023 03:52:48,,
0.17,0.50,0.89,18.90,-6.09,-7.70,0,0,0,16/06/2023 03:52:48,,
0.16,0.50,0.89,12.53,-6.02,-9.80,0,0,1,16/06/2023 03:52:48,,
0.16,0.50,0.89,12.53,-6.02,-9.80,0,0,1,16/06/2023 03:52:48,,
0.16,0.50,0.89,12.53,-6.02,-9.80,0,0,1,16/06/2023 03:52:48,,
0.16,0.50,0.89,12.53,-6.02,-9.80,0,0,1,16/06/2023 03:52:48,,
0.16,0.45,0.87,-1.26,1.12,0.91,0,0,0,16/06/2023 03:52:48,,
0.16,0.45,0.87,-1.26,1.12,0.91,0,0,0,16/06/2023 03:52:48,,
0.16,0.45,0.87,-1.26,1.12,0.91,0,0,0,16/06/2023 03:52:48,,
0.16,0.45,0.87,-1.26,1.12,0.91,0,0,0,16/06/2023 03:52:48,,
0.12,0.47,0.91,-6.65,2.31,0.56,0,1,0,16/06/2023 03:52:48,,
0.12,0.47,0.91,-6.65,2.31,0.56,0,1,0,16/06/2023 03:52:48,,
0.13,0.46,0.86,4.13,-0.77,0.70,0,0,0,16/06/2023 03:52:48,,
0.13,0.46,0.86,4.13,-0.77,0.70,0,0,0,16/06/2023 03:52:48,,
0.13,0.46,0.86,4.13,-0.77,0.70,0,0,0,16/06/2023 03:52:48,,
0.13,0.46,0.86,4.13,-0.77,0.70,0,0,0,16/06/2023 03:52:48,,
0.12,0.48,0.90,-4.48,3.15,-1.26,0,0,0,16/06/2023 03:52:48,,
0.12,0.48,0.90,-4.48,3.15,-1.26,0,0,0,16/06/2023 03:52:48,,
0.12,0.48,0.90,-4.48,3.15,-1.26,0,0,0,16/06/2023 03:52:48,,
0.12,0.50,0.88,-7.28,-2.52,0.63,0,0,0,16/06/2023 03:52:48,,
0.12,0.50,0.88,-7.28,-2.52,0.63,0,0,0,16/06/2023 03:52:48,,
0.12,0.50,0.88,-7.28,-2.52,0.63,0,0,0,16/06/2023 03:52:48,,
0.12,0.50,0.88,-7.28,-2.52,0.63,0,0,0,16/06/2023 03:52:48,,
0.12,0.42,0.89,-15.89,3.08,2.45,0,0,0,16/06/2023 03:52:48,,
0.12,0.42,0.89,-15.89,3.08,2.45,0,0,0,16/06/2023 03:52:48,,
0.12,0.42,0.89,-15.89,3.08,2.45,0,0,0,16/06/2023 03:52:48,,
0.11,0.41,0.92,3.08,1.05,-1.05,0,1,0,16/06/2023 03:52:48,,
0.11,0.41,0.92,3.08,1.05,-1.05,0,1,0,16/06/2023 03:52:48,,
0.11,0.41,0.92,3.08,1.05,-1.05,0,1,0,16/06/2023 03:52:48,,
0.12,0.42,0.90,11.83,-3.43,-5.11,0,0,1,16/06/2023 03:52:48,,
0.12,0.42,0.90,11.83,-3.43,-5.11,0,0,1,16/06/2023 03:52:48,,
0.12,0.42,0.90,11.83,-3.43,-5.11,0,0,1,16/06/2023 03:52:48,,
0.12,0.42,0.90,11.83,-3.43,-5.11,0,0,1,16/06/2023 03:52:48,,
0.12,0.47,0.90,10.01,-7.70,-5.88,0,0,0,16/06/2023 03:52:48,,
0.12,0.47,0.90,10.01,-7.70,-5.88,0,0,0,16/06/2023 03:52:48,,
0.12,0.47,0.90,10.01,-7.70,-5.88,0,0,0,16/06/2023 03:52:48,,
0.11,0.49,0.90,3.08,-7.14,-1.05,0,0,1,16/06/2023 03:52:49,,
0.11,0.49,0.90,3.08,-7.14,-1.05,0,0,1,16/06/2023 03:52:49,,
0.11,0.49,0.90,3.08,-7.14,-1.05,0,0,1,16/06/2023 03:52:49,,
0.11,0.49,0.90,3.08,-7.14,-1.05,0,0,1,16/06/2023 03:52:49,,
0.11,0.49,0.90,3.08,-7.14,-1.05,0,0,1,16/06/2023 03:52:49,,
0.11,0.49,0.90,3.08,-7.14,-1.05,0,0,1,16/06/2023 03:52:49,,
0.11,0.49,0.90,3.08,-7.14,-1.05,0,0,1,16/06/2023 03:52:49,,
0.12,0.45,0.87,1.19,-4.90,-0.49,0,0,0,16/06/2023 03:52:49,,
0.12,0.46,0.89,4.62,-3.22,-5.74,0,0,0,16/06/2023 03:52:49,,
0.12,0.46,0.89,4.62,-3.22,-5.74,0,0,0,16/06/2023 03:52:49,,
0.12,0.46,0.88,9.73,-8.61,-6.23,1,0,1,16/06/2023 03:52:49,,
0.12,0.46,0.88,9.73,-8.61,-6.23,1,0,1,16/06/2023 03:52:49,,
0.12,0.46,0.88,9.73,-8.61,-6.23,1,0,1,16/06/2023 03:52:49,,
0.27,0.64,0.87,3.78,6.86,0.77,0,0,0,16/06/2023 03:52:49,,
0.27,0.64,0.87,3.78,6.86,0.77,0,0,0,16/06/2023 03:52:49,,
0.27,0.64,0.87,3.78,6.86,0.77,0,0,0,16/06/2023 03:52:49,,
0.15,0.53,0.86,-2.17,16.03,2.31,0,0,1,16/06/2023 03:52:49,,
0.15,0.53,0.86,-2.17,16.03,2.31,0,0,1,16/06/2023 03:52:49,,
0.15,0.53,0.86,-2.17,16.03,2.31,0,0,1,16/06/2023 03:52:49,,
0.15,0.53,0.86,-2.17,16.03,2.31,0,0,1,16/06/2023 03:52:49,,
0.08,0.54,0.91,-12.25,0.35,-4.06,0,0,1,16/06/2023 03:52:49,,
0.08,0.54,0.91,-12.25,0.35,-4.06,0,0,1,16/06/2023 03:52:49,,
0.08,0.54,0.91,-12.25,0.35,-4.06,0,0,1,16/06/2023 03:52:49,,
0.12,0.49,0.86,-17.36,-1.68,-0.14,0,1,0,16/06/2023 03:52:49,,
0.12,0.49,0.86,-17.36,-1.68,-0.14,0,1,0,16/06/2023 03:52:49,,
0.12,0.49,0.86,-17.36,-1.68,-0.14,0,1,0,16/06/2023 03:52:49,,
0.10,0.43,0.87,-4.97,3.22,4.69,1,0,0,16/06/2023 03:52:49,,
0.10,0.43,0.87,-4.97,3.22,4.69,1,0,0,16/06/2023 03:52:49,,
0.10,0.43,0.87,-4.97,3.22,4.69,1,0,0,16/06/2023 03:52:49,,
0.10,0.43,0.87,-4.97,3.22,4.69,1,0,0,16/06/2023 03:52:49,,
0.11,0.47,0.89,2.52,-1.54,-1.47,0,1,0,16/06/2023 03:52:49,,
0.11,0.47,0.89,2.52,-1.54,-1.47,0,1,0,16/06/2023 03:52:49,,
0.11,0.48,0.87,9.24,-4.62,-2.87,0,0,1,16/06/2023 03:52:49,,
0.11,0.48,0.87,9.24,-4.62,-2.87,0,0,1,16/06/2023 03:52:49,,
0.11,0.48,0.87,9.24,-4.62,-2.87,0,0,1,16/06/2023 03:52:49,,
0.11,0.48,0.87,9.24,-4.62,-2.87,0,0,1,16/06/2023 03:52:49,,
0.11,0.49,0.88,9.24,-4.20,-4.83,0,2,2,16/06/2023 03:52:49,,
0.11,0.49,0.88,9.24,-4.20,-4.83,0,2,2,16/06/2023 03:52:49,,
0.11,0.49,0.88,9.24,-4.20,-4.83,0,2,2,16/06/2023 03:52:49,,
0.11,0.49,0.88,9.24,-4.20,-4.83,0,2,2,16/06/2023 03:52:49,,
0.11,0.51,0.87,5.18,-4.41,-6.37,0,0,0,16/06/2023 03:52:49,,
0.11,0.51,0.87,5.18,-4.41,-6.37,0,0,0,16/06/2023 03:52:49,,
0.11,0.51,0.87,5.18,-4.41,-6.37,0,0,0,16/06/2023 03:52:49,,
0.11,0.51,0.87,2.87,-2.52,-4.48,0,0,0,16/06/2023 03:52:49,,
0.11,0.51,0.87,2.87,-2.52,-4.48,0,0,0,16/06/2023 03:52:49,,
0.11,0.51,0.87,2.87,-2.52,-4.48,0,0,0,16/06/2023 03:52:49,,
0.11,0.51,0.87,2.87,-2.52,-4.48,0,0,0,16/06/2023 03:52:49,,
0.10,0.51,0.88,-0.35,-3.99,-3.22,0,0,1,16/06/2023 03:52:49,,
0.10,0.51,0.88,-0.35,-3.99,-3.22,0,0,1,16/06/2023 03:52:49,,
0.10,0.51,0.88,-0.35,-3.99,-3.22,0,0,1,16/06/2023 03:52:49,,
0.11,0.50,0.87,-1.61,-1.47,-3.15,0,1,0,16/06/2023 03:52:49,,
0.11,0.50,0.87,-1.61,-1.47,-3.15,0,1,0,16/06/2023 03:52:49,,
0.11,0.50,0.87,-1.61,-1.47,-3.15,0,1,0,16/06/2023 03:52:49,,
0.11,0.50,0.87,-1.61,-1.47,-3.15,0,1,0,16/06/2023 03:52:49,,
0.09,0.52,0.87,1.26,-4.06,-2.87,0,0,1,16/06/2023 03:52:49,,
0.09,0.52,0.87,1.26,-4.06,-2.87,0,0,1,16/06/2023 03:52:50,,
0.09,0.52,0.87,1.26,-4.06,-2.87,0,0,1,16/06/2023 03:52:50,,
0.09,0.51,0.87,-2.87,-1.68,-2.66,1,0,1,16/06/2023 03:52:50,,
0.09,0.51,0.87,-2.87,-1.68,-2.66,1,0,1,16/06/2023 03:52:50,,
0.09,0.51,0.87,-2.87,-1.68,-2.66,1,0,1,16/06/2023 03:52:50,,
