ACX,ACY,ACZ,GX,GY,GZ,PRESS1,PRESS2,PRESS3,Time,RahmanAhmad,No,0
0.36,0.87,0.29,13.23,-6.79,-2.66,0,1,0,14/06/2023 05:06:53,,
0.36,0.87,0.29,13.23,-6.79,-2.66,0,1,0,14/06/2023 05:06:53,,
0.36,0.87,0.29,13.23,-6.79,-2.66,0,1,0,14/06/2023 05:06:53,,
0.36,0.87,0.29,13.23,-6.79,-2.66,0,1,0,14/06/2023 05:06:54,,
0.37,0.86,0.31,0.14,2.38,3.50,0,1,0,14/06/2023 05:06:54,,
0.37,0.86,0.31,0.14,2.38,3.50,0,1,0,14/06/2023 05:06:54,,
0.37,0.86,0.31,0.14,2.38,3.50,0,1,0,14/06/2023 05:06:54,,
0.34,0.93,0.31,-16.80,7.63,11.20,1,1,0,14/06/2023 05:06:54,,
0.34,0.93,0.31,-16.80,7.63,11.20,1,1,0,14/06/2023 05:06:54,,
0.34,0.93,0.31,-16.80,7.63,11.20,1,1,0,14/06/2023 05:06:54,,
0.34,0.93,0.31,-16.80,7.63,11.20,1,1,0,14/06/2023 05:06:54,,
0.41,0.90,0.35,-51.24,7.77,28.00,1,0,0,14/06/2023 05:06:54,,
0.41,0.90,0.35,-51.24,7.77,28.00,1,0,0,14/06/2023 05:06:54,,
0.41,0.90,0.35,-51.24,7.77,28.00,1,0,0,14/06/2023 05:06:54,,
0.41,0.90,0.35,-51.24,7.77,28.00,1,0,0,14/06/2023 05:06:54,,
0.39,0.94,0.29,113.89,-50.19,-12.39,0,0,1,14/06/2023 05:06:54,,
0.39,0.94,0.29,113.89,-50.19,-12.39,0,0,1,14/06/2023 05:06:54,,
0.39,0.94,0.29,113.89,-50.19,-12.39,0,0,1,14/06/2023 05:06:54,,
0.33,0.93,0.21,-9.38,-0.56,-7.77,1,1,0,14/06/2023 05:06:54,,
0.33,0.93,0.21,-9.38,-0.56,-7.77,1,1,0,14/06/2023 05:06:54,,
0.33,0.93,0.21,-9.38,-0.56,-7.77,1,1,0,14/06/2023 05:06:54,,
0.33,0.93,0.21,-9.38,-0.56,-7.77,1,1,0,14/06/2023 05:06:54,,
0.37,0.86,0.26,4.69,-1.19,-6.30,0,0,0,14/06/2023 05:06:54,,
0.37,0.86,0.26,4.69,-1.19,-6.30,0,0,0,14/06/2023 05:06:54,,
0.37,0.86,0.26,4.69,-1.19,-6.30,0,0,0,14/06/2023 05:06:54,,
0.37,0.90,0.23,33.60,-0.49,-2.94,0,1,0,14/06/2023 05:06:54,,
0.37,0.90,0.23,33.60,-0.49,-2.94,0,1,0,14/06/2023 05:06:54,,
0.37,0.90,0.23,33.60,-0.49,-2.94,0,1,0,14/06/2023 05:06:54,,
0.37,0.90,0.23,33.60,-0.49,-2.94,0,1,0,14/06/2023 05:06:54,,
0.38,0.93,0.21,16.31,4.90,-2.31,0,0,1,14/06/2023 05:06:54,,
0.38,0.93,0.21,16.31,4.90,-2.31,0,0,1,14/06/2023 05:06:54,,
0.38,0.93,0.21,16.31,4.90,-2.31,0,0,1,14/06/2023 05:06:54,,
0.38,0.93,0.21,16.31,4.90,-2.31,0,0,1,14/06/2023 05:06:54,,
0.36,0.95,0.17,14.56,4.20,-5.74,0,0,0,14/06/2023 05:06:54,,
0.36,0.95,0.17,14.56,4.20,-5.74,0,0,0,14/06/2023 05:06:54,,
0.36,0.95,0.17,14.56,4.20,-5.74,0,0,0,14/06/2023 05:06:54,,
0.33,0.91,0.15,-1.47,6.16,0.98,0,0,0,14/06/2023 05:06:54,,
0.33,0.91,0.15,-1.47,6.16,0.98,0,0,0,14/06/2023 05:06:54,,
0.33,0.91,0.15,-1.47,6.16,0.98,0,0,0,14/06/2023 05:06:54,,
0.33,0.91,0.15,-1.47,6.16,0.98,0,0,0,14/06/2023 05:06:54,,
0.34,0.94,0.15,-3.92,4.20,-1.68,0,0,1,14/06/2023 05:06:54,,
0.34,0.94,0.15,-3.92,4.20,-1.68,0,0,1,14/06/2023 05:06:54,,
0.34,0.94,0.15,-3.92,4.20,-1.68,0,0,1,14/06/2023 05:06:54,,
0.31,0.93,0.16,-7.42,4.27,-0.07,0,0,1,14/06/2023 05:06:54,,
0.31,0.93,0.16,-7.42,4.27,-0.07,0,0,1,14/06/2023 05:06:54,,
0.31,0.93,0.16,-7.42,4.27,-0.07,0,0,1,14/06/2023 05:06:54,,
0.31,0.93,0.16,-7.42,4.27,-0.07,0,0,1,14/06/2023 05:06:54,,
0.31,0.90,0.18,-2.31,0.14,-4.69,0,0,2,14/06/2023 05:06:54,,
0.31,0.90,0.18,-2.31,0.14,-4.69,0,0,2,14/06/2023 05:06:54,,
0.31,0.90,0.18,-2.31,0.14,-4.69,0,0,2,14/06/2023 05:06:54,,
0.31,0.90,0.18,-2.31,0.14,-4.69,0,0,2,14/06/2023 05:06:54,,
0.31,0.90,0.18,-2.31,0.14,-4.69,0,0,2,14/06/2023 05:06:54,,
0.31,0.90,0.18,-2.31,0.14,-4.69,0,0,2,14/06/2023 05:06:54,,
0.31,0.90,0.18,-2.31,0.14,-4.69,0,0,2,14/06/2023 05:06:54,,
0.31,0.92,0.18,0.42,-0.63,-4.76,0,0,0,14/06/2023 05:06:54,,
0.32,0.94,0.20,0.35,-1.19,-1.05,0,1,0,14/06/2023 05:06:54,,
0.32,0.94,0.20,0.35,-1.19,-1.05,0,1,0,14/06/2023 05:06:54,,
0.32,0.94,0.20,0.35,-1.19,-1.05,0,1,0,14/06/2023 05:06:54,,
0.31,0.94,0.21,0.42,-3.92,-0.42,0,0,0,14/06/2023 05:06:54,,
0.31,0.94,0.21,0.42,-3.92,-0.42,0,0,0,14/06/2023 05:06:54,,
0.31,0.94,0.21,0.42,-3.92,-0.42,0,0,0,14/06/2023 05:06:54,,
0.31,0.92,0.20,1.40,-3.99,1.26,0,0,0,14/06/2023 05:06:54,,
0.31,0.92,0.20,1.40,-3.99,1.26,0,0,0,14/06/2023 05:06:54,,
0.31,0.92,0.20,1.40,-3.99,1.26,0,0,0,14/06/2023 05:06:55,,
0.31,0.92,0.20,1.40,-3.99,1.26,0,0,0,14/06/2023 05:06:55,,
0.33,0.92,0.20,-3.15,-2.10,-0.70,0,0,1,14/06/2023 05:06:55,,
0.33,0.92,0.20,-3.15,-2.10,-0.70,0,0,1,14/06/2023 05:06:55,,
0.33,0.92,0.20,-3.15,-2.10,-0.70,0,0,1,14/06/2023 05:06:55,,
0.33,0.92,0.20,-3.15,-2.10,-0.70,0,0,1,14/06/2023 05:06:55,,
0.33,0.92,0.20,-3.15,-2.10,-0.70,0,0,1,14/06/2023 05:06:55,,
0.33,0.92,0.20,-3.15,-2.10,-0.70,0,0,1,14/06/2023 05:06:55,,
0.33,0.92,0.20,-3.15,-2.10,-0.70,0,0,1,14/06/2023 05:06:55,,
0.33,0.92,0.20,-3.15,-2.10,-0.70,0,0,1,14/06/2023 05:06:55,,
0.33,0.92,0.20,-3.15,-2.10,-0.70,0,0,1,14/06/2023 05:06:55,,
0.33,0.92,0.20,-3.15,-2.10,-0.70,0,0,1,14/06/2023 05:06:55,,
0.33,0.92,0.20,-3.15,-2.10,-0.70,0,0,1,14/06/2023 05:06:55,,
0.33,0.92,0.20,-3.15,-2.10,-0.70,0,0,1,14/06/2023 05:06:55,,
0.33,0.92,0.20,-3.15,-2.10,-0.70,0,0,1,14/06/2023 05:06:55,,
0.33,0.92,0.20,-3.15,-2.10,-0.70,0,0,1,14/06/2023 05:06:55,,
0.33,0.92,0.20,-3.15,-2.10,-0.70,0,0,1,14/06/2023 05:06:55,,
0.33,0.92,0.20,-3.15,-2.10,-0.70,0,0,1,14/06/2023 05:06:55,,
0.33,0.92,0.20,-3.15,-2.10,-0.70,0,0,1,14/06/2023 05:06:55,,
0.33,0.92,0.20,-3.15,-2.10,-0.70,0,0,1,14/06/2023 05:06:55,,
0.33,0.94,0.19,5.18,-2.45,-0.91,0,1,0,14/06/2023 05:06:55,,
0.32,0.92,0.20,-0.84,-1.26,1.05,0,0,0,14/06/2023 05:06:55,,
0.33,0.93,0.20,-1.05,-2.24,0.07,0,2,0,14/06/2023 05:06:55,,
0.32,0.92,0.21,-8.05,-1.19,0.42,0,2,0,14/06/2023 05:06:55,,
0.32,0.92,0.21,-8.05,-1.19,0.42,0,2,0,14/06/2023 05:06:55,,
0.32,0.92,0.21,-8.05,-1.19,0.42,0,2,0,14/06/2023 05:06:55,,
0.32,0.92,0.21,-8.05,-1.19,0.42,0,2,0,14/06/2023 05:06:55,,
0.34,0.91,0.20,1.47,-4.13,1.40,0,0,2,14/06/2023 05:06:55,,
0.34,0.91,0.20,-0.98,-2.38,-1.61,0,0,0,14/06/2023 05:06:55,,
0.34,0.91,0.20,-0.98,-2.38,-1.61,0,0,0,14/06/2023 05:06:55,,
0.34,0.91,0.20,-0.98,-2.38,-1.61,0,0,0,14/06/2023 05:06:55,,
0.33,0.92,0.20,3.29,-3.08,-1.26,0,0,0,14/06/2023 05:06:55,,
0.33,0.92,0.20,3.29,-3.08,-1.26,0,0,0,14/06/2023 05:06:55,,
0.33,0.92,0.20,3.29,-3.08,-1.26,0,0,0,14/06/2023 05:06:55,,
0.34,0.93,0.21,2.94,-4.20,0.28,0,0,0,14/06/2023 05:06:55,,
0.34,0.93,0.21,2.94,-4.20,0.28,0,0,0,14/06/2023 05:06:55,,
0.34,0.93,0.21,2.94,-4.20,0.28,0,0,0,14/06/2023 05:06:55,,
0.34,0.93,0.21,2.94,-4.20,0.28,0,0,0,14/06/2023 05:06:55,,
0.33,0.93,0.19,2.38,-2.45,-2.10,0,0,0,14/06/2023 05:06:55,,
0.33,0.93,0.19,2.38,-2.45,-2.10,0,0,0,14/06/2023 05:06:55,,
0.33,0.93,0.19,2.38,-2.45,-2.10,0,0,0,14/06/2023 05:06:55,,
0.33,0.93,0.19,2.38,-2.45,-2.10,0,0,0,14/06/2023 05:06:55,,
0.33,0.94,0.22,-0.56,-2.17,-1.47,0,0,0,14/06/2023 05:06:55,,
0.33,0.94,0.22,-0.56,-2.17,-1.47,0,0,0,14/06/2023 05:06:55,,
0.33,0.94,0.22,-0.56,-2.17,-1.47,0,0,0,14/06/2023 05:06:55,,
0.33,0.92,0.20,-2.87,0.14,-3.43,0,1,0,14/06/2023 05:06:55,,
0.33,0.92,0.20,-2.87,0.14,-3.43,0,1,0,14/06/2023 05:06:55,,
0.33,0.92,0.20,-2.87,0.14,-3.43,0,1,0,14/06/2023 05:06:55,,
0.33,0.92,0.20,-2.87,0.14,-3.43,0,1,0,14/06/2023 05:06:55,,
0.32,0.93,0.20,2.03,-1.61,-1.19,0,0,0,14/06/2023 05:06:55,,
0.32,0.93,0.20,2.03,-1.61,-1.19,0,0,0,14/06/2023 05:06:55,,
0.32,0.93,0.20,2.03,-1.61,-1.19,0,0,0,14/06/2023 05:06:55,,
0.33,0.94,0.21,-2.94,0.35,-0.35,1,0,0,14/06/2023 05:06:55,,
0.33,0.94,0.21,-2.94,0.35,-0.35,1,0,0,14/06/2023 05:06:55,,
0.33,0.94,0.21,-2.94,0.35,-0.35,1,0,0,14/06/2023 05:06:55,,
0.33,0.94,0.21,-2.94,0.35,-0.35,1,0,0,14/06/2023 05:06:55,,
0.32,0.94,0.19,-0.14,0.21,1.47,0,0,1,14/06/2023 05:06:55,,
0.32,0.94,0.19,-0.14,0.21,1.47,0,0,1,14/06/2023 05:06:55,,
0.32,0.94,0.19,-0.14,0.21,1.47,0,0,1,14/06/2023 05:06:55,,
0.32,0.94,0.19,-0.14,0.21,1.47,0,0,1,14/06/2023 05:06:55,,
0.32,0.92,0.20,0.63,0.21,3.15,0,0,0,14/06/2023 05:06:56,,
0.32,0.92,0.20,0.63,0.21,3.15,0,0,0,14/06/2023 05:06:56,,
0.32,0.92,0.20,0.63,0.21,3.15,0,0,0,14/06/2023 05:06:56,,
0.33,0.92,0.21,-1.40,-0.56,3.78,0,1,0,14/06/2023 05:06:56,,
0.33,0.92,0.21,-1.40,-0.56,3.78,0,1,0,14/06/2023 05:06:56,,
0.33,0.92,0.21,-1.40,-0.56,3.78,0,1,0,14/06/2023 05:06:56,,
0.33,0.92,0.21,-1.40,-0.56,3.78,0,1,0,14/06/2023 05:06:56,,
0.32,0.92,0.21,-1.05,-2.38,3.50,0,0,0,14/06/2023 05:06:56,,
0.32,0.92,0.21,-1.05,-2.38,3.50,0,0,0,14/06/2023 05:06:56,,
0.32,0.92,0.21,-1.05,-2.38,3.50,0,0,0,14/06/2023 05:06:56,,
0.32,0.92,0.21,-1.05,-2.38,3.50,0,0,0,14/06/2023 05:06:56,,
0.32,0.92,0.21,-1.05,-2.38,3.50,0,0,0,14/06/2023 05:06:56,,
0.32,0.92,0.21,-1.05,-2.38,3.50,0,0,0,14/06/2023 05:06:56,,
0.32,0.92,0.21,-1.05,-2.38,3.50,0,0,0,14/06/2023 05:06:56,,
0.34,0.92,0.22,-5.04,-2.10,2.59,1,0,2,14/06/2023 05:06:56,,
0.33,0.92,0.21,-3.92,-1.54,3.64,1,1,0,14/06/2023 05:06:56,,
0.33,0.92,0.21,-3.92,-1.54,3.64,1,1,0,14/06/2023 05:06:56,,
0.33,0.92,0.21,-3.92,-1.54,3.64,1,1,0,14/06/2023 05:06:56,,
0.33,0.91,0.22,-5.67,-0.28,4.06,0,1,1,14/06/2023 05:06:56,,
0.33,0.91,0.22,-5.67,-0.28,4.06,0,1,1,14/06/2023 05:06:56,,
0.33,0.91,0.22,-5.67,-0.28,4.06,0,1,1,14/06/2023 05:06:56,,
0.34,0.91,0.22,-5.04,-1.12,2.03,0,0,0,14/06/2023 05:06:56,,
0.34,0.91,0.22,-5.04,-1.12,2.03,0,0,0,14/06/2023 05:06:56,,
0.34,0.91,0.22,-5.04,-1.12,2.03,0,0,0,14/06/2023 05:06:56,,
0.34,0.91,0.22,-5.04,-1.12,2.03,0,0,0,14/06/2023 05:06:56,,
0.33,0.92,0.22,-4.62,0.70,1.96,0,0,1,14/06/2023 05:06:56,,
0.33,0.92,0.22,-4.62,0.70,1.96,0,0,1,14/06/2023 05:06:56,,
0.33,0.92,0.22,-4.62,0.70,1.96,0,0,1,14/06/2023 05:06:56,,
0.33,0.92,0.23,-2.73,0.63,2.66,0,0,1,14/06/2023 05:06:56,,
0.33,0.92,0.23,-2.73,0.63,2.66,0,0,1,14/06/2023 05:06:56,,
0.33,0.92,0.23,-2.73,0.63,2.66,0,0,1,14/06/2023 05:06:56,,
0.33,0.92,0.23,-2.73,0.63,2.66,0,0,1,14/06/2023 05:06:56,,
0.33,0.91,0.22,0.56,17.85,3.36,0,1,0,14/06/2023 05:06:56,,
0.33,0.91,0.22,0.56,17.85,3.36,0,1,0,14/06/2023 05:06:56,,
0.33,0.91,0.22,0.56,17.85,3.36,0,1,0,14/06/2023 05:06:56,,
0.33,0.91,0.22,0.56,17.85,3.36,0,1,0,14/06/2023 05:06:56,,
0.35,0.90,0.24,0.35,-0.14,5.11,0,1,0,14/06/2023 05:06:56,,
0.35,0.90,0.24,0.35,-0.14,5.11,0,1,0,14/06/2023 05:06:56,,
0.35,0.90,0.24,0.35,-0.14,5.11,0,1,0,14/06/2023 05:06:56,,
0.35,0.90,0.24,0.35,-0.14,5.11,0,1,0,14/06/2023 05:06:56,,
0.34,0.91,0.24,2.38,-1.68,1.75,0,0,0,14/06/2023 05:06:56,,
0.34,0.91,0.24,2.38,-1.68,1.75,0,0,0,14/06/2023 05:06:56,,
0.34,0.91,0.24,2.38,-1.68,1.75,0,0,0,14/06/2023 05:06:56,,
0.34,0.90,0.23,-0.63,-1.47,2.17,0,0,1,14/06/2023 05:06:56,,
0.34,0.90,0.23,-0.63,-1.47,2.17,0,0,1,14/06/2023 05:06:56,,
0.34,0.90,0.23,-0.63,-1.47,2.17,0,0,1,14/06/2023 05:06:56,,
0.35,0.90,0.24,0.42,-1.26,0.21,0,0,0,14/06/2023 05:06:56,,
0.35,0.90,0.24,0.42,-1.26,0.21,0,0,0,14/06/2023 05:06:56,,
0.35,0.90,0.24,0.42,-1.26,0.21,0,0,0,14/06/2023 05:06:56,,
0.35,0.90,0.24,0.42,-1.26,0.21,0,0,0,14/06/2023 05:06:56,,
0.35,0.90,0.23,0.56,-1.05,-0.77,0,1,0,14/06/2023 05:06:56,,
0.35,0.90,0.23,0.56,-1.05,-0.77,0,1,0,14/06/2023 05:06:56,,
0.35,0.90,0.23,0.56,-1.05,-0.77,0,1,0,14/06/2023 05:06:56,,
0.35,0.90,0.23,0.56,-1.05,-0.77,0,1,0,14/06/2023 05:06:56,,
0.34,0.90,0.24,3.64,-1.89,-1.47,0,0,0,14/06/2023 05:06:56,,
0.34,0.90,0.24,3.64,-1.89,-1.47,0,0,0,14/06/2023 05:06:56,,
0.34,0.90,0.24,3.64,-1.89,-1.47,0,0,0,14/06/2023 05:06:56,,
0.35,0.92,0.24,1.68,-1.96,-0.49,0,0,0,14/06/2023 05:06:56,,
0.35,0.92,0.24,1.68,-1.96,-0.49,0,0,0,14/06/2023 05:06:56,,
0.35,0.92,0.24,1.68,-1.96,-0.49,0,0,0,14/06/2023 05:06:56,,
0.35,0.92,0.24,1.68,-1.96,-0.49,0,0,0,14/06/2023 05:06:57,,
0.35,0.91,0.24,2.87,-1.54,0.70,0,0,0,14/06/2023 05:06:57,,
0.35,0.91,0.24,2.87,-1.54,0.70,0,0,0,14/06/2023 05:06:57,,
0.35,0.91,0.24,2.87,-1.54,0.70,0,0,0,14/06/2023 05:06:57,,
0.35,0.91,0.24,1.47,-2.03,0.63,0,0,1,14/06/2023 05:06:57,,
0.35,0.91,0.24,1.47,-2.03,0.63,0,0,1,14/06/2023 05:06:57,,
0.35,0.91,0.24,1.47,-2.03,0.63,0,0,1,14/06/2023 05:06:57,,
0.35,0.91,0.24,1.47,-2.03,0.63,0,0,1,14/06/2023 05:06:57,,
0.35,0.91,0.24,1.47,-2.03,0.63,0,0,1,14/06/2023 05:06:57,,
0.35,0.91,0.24,1.47,-2.03,0.63,0,0,1,14/06/2023 05:06:57,,
0.35,0.91,0.24,1.47,-2.03,0.63,0,0,1,14/06/2023 05:06:57,,
0.35,0.91,0.24,1.47,-2.03,0.63,0,0,1,14/06/2023 05:06:57,,
0.35,0.88,0.23,-1.19,-0.91,-0.49,0,0,0,14/06/2023 05:06:57,,
0.35,0.90,0.22,1.61,-0.56,-0.42,0,0,0,14/06/2023 05:06:57,,
0.35,0.90,0.22,1.61,-0.56,-0.42,0,0,0,14/06/2023 05:06:57,,
0.33,0.90,0.23,3.57,-1.19,-1.12,0,0,0,14/06/2023 05:06:57,,
0.33,0.90,0.23,3.57,-1.19,-1.12,0,0,0,14/06/2023 05:06:57,,
0.33,0.90,0.23,3.57,-1.19,-1.12,0,0,0,14/06/2023 05:06:57,,
0.33,0.90,0.23,3.57,-1.19,-1.12,0,0,0,14/06/2023 05:06:57,,
0.33,0.91,0.22,2.45,-1.54,-1.47,0,0,1,14/06/2023 05:06:57,,
0.33,0.91,0.22,2.45,-1.54,-1.47,0,0,1,14/06/2023 05:06:57,,
0.33,0.91,0.22,2.45,-1.54,-1.47,0,0,1,14/06/2023 05:06:57,,
0.34,0.90,0.22,5.39,-1.89,-4.06,0,0,0,14/06/2023 05:06:57,,
0.34,0.90,0.22,5.39,-1.89,-4.06,0,0,0,14/06/2023 05:06:57,,
0.34,0.90,0.22,5.39,-1.89,-4.06,0,0,0,14/06/2023 05:06:57,,
0.34,0.90,0.22,5.39,-1.89,-4.06,0,0,0,14/06/2023 05:06:57,,
0.34,0.90,0.21,5.88,0.00,-1.89,0,0,0,14/06/2023 05:06:57,,
0.34,0.90,0.21,5.88,0.00,-1.89,0,0,0,14/06/2023 05:06:57,,
0.34,0.90,0.21,5.88,0.00,-1.89,0,0,0,14/06/2023 05:06:57,,
0.34,0.90,0.21,5.88,0.00,-1.89,0,0,0,14/06/2023 05:06:57,,
0.34,0.90,0.21,5.88,0.00,-1.89,0,0,0,14/06/2023 05:06:57,,
0.34,0.90,0.21,5.88,0.00,-1.89,0,0,0,14/06/2023 05:06:57,,
0.34,0.90,0.21,5.88,0.00,-1.89,0,0,0,14/06/2023 05:06:57,,
0.33,0.93,0.22,1.89,2.03,-1.19,0,1,0,14/06/2023 05:06:57,,
0.33,0.92,0.25,-2.03,1.75,-0.35,1,1,0,14/06/2023 05:06:57,,
0.33,0.92,0.25,-2.03,1.75,-0.35,1,1,0,14/06/2023 05:06:57,,
0.33,0.92,0.25,-2.03,1.75,-0.35,1,1,0,14/06/2023 05:06:57,,
0.35,0.92,0.24,0.49,-3.71,0.84,0,0,1,14/06/2023 05:06:57,,
0.35,0.92,0.24,0.49,-3.71,0.84,0,0,1,14/06/2023 05:06:57,,
0.35,0.92,0.24,0.49,-3.71,0.84,0,0,1,14/06/2023 05:06:57,,
0.34,0.93,0.21,0.98,-1.12,-1.89,0,0,1,14/06/2023 05:06:57,,
0.34,0.93,0.21,0.98,-1.12,-1.89,0,0,1,14/06/2023 05:06:57,,
0.34,0.93,0.21,0.98,-1.12,-1.89,0,0,1,14/06/2023 05:06:57,,
0.34,0.93,0.21,0.98,-1.12,-1.89,0,0,1,14/06/2023 05:06:57,,
0.34,0.93,0.21,0.98,-1.12,-1.89,0,0,1,14/06/2023 05:06:57,,
0.34,0.93,0.21,0.98,-1.12,-1.89,0,0,1,14/06/2023 05:06:57,,
0.34,0.93,0.21,0.98,-1.12,-1.89,0,0,1,14/06/2023 05:06:57,,
0.34,0.93,0.21,0.98,-1.12,-1.89,0,0,1,14/06/2023 05:06:57,,
0.33,0.91,0.22,-1.26,-1.19,1.68,0,0,1,14/06/2023 05:06:57,,
0.34,0.92,0.22,1.26,-2.45,0.56,0,0,0,14/06/2023 05:06:57,,
0.34,0.92,0.22,1.26,-2.45,0.56,0,0,0,14/06/2023 05:06:57,,
0.34,0.91,0.23,-0.70,-2.31,1.68,0,0,0,14/06/2023 05:06:57,,
0.34,0.91,0.23,-0.70,-2.31,1.68,0,0,0,14/06/2023 05:06:57,,
0.34,0.91,0.23,-0.70,-2.31,1.68,0,0,0,14/06/2023 05:06:57,,
0.34,0.91,0.23,-0.70,-2.31,1.68,0,0,0,14/06/2023 05:06:57,,
0.33,0.92,0.22,-0.07,-1.26,0.77,0,0,1,14/06/2023 05:06:57,,
0.33,0.92,0.22,-0.07,-1.26,0.77,0,0,1,14/06/2023 05:06:57,,
0.33,0.92,0.22,-0.07,-1.26,0.77,0,0,1,14/06/2023 05:06:57,,
0.35,0.92,0.22,1.61,-0.98,-1.19,0,1,1,14/06/2023 05:06:57,,
0.35,0.92,0.22,1.61,-0.98,-1.19,0,1,1,14/06/2023 05:06:57,,
0.35,0.92,0.22,1.61,-0.98,-1.19,0,1,1,14/06/2023 05:06:58,,
0.35,0.92,0.22,1.61,-0.98,-1.19,0,1,1,14/06/2023 05:06:58,,
0.33,0.91,0.23,0.28,-2.66,0.91,0,1,0,14/06/2023 05:06:58,,
0.33,0.91,0.23,0.28,-2.66,0.91,0,1,0,14/06/2023 05:06:58,,
0.33,0.91,0.23,0.28,-2.66,0.91,0,1,0,14/06/2023 05:06:58,,
0.33,0.91,0.23,0.28,-2.66,0.91,0,1,0,14/06/2023 05:06:58,,
0.32,0.91,0.23,0.98,-3.29,-1.05,1,0,0,14/06/2023 05:06:58,,
0.32,0.91,0.23,0.98,-3.29,-1.05,1,0,0,14/06/2023 05:06:58,,
0.32,0.91,0.23,0.98,-3.29,-1.05,1,0,0,14/06/2023 05:06:58,,
0.33,0.91,0.22,2.73,-3.01,-1.89,1,0,0,14/06/2023 05:06:58,,
0.33,0.91,0.22,2.73,-3.01,-1.89,1,0,0,14/06/2023 05:06:58,,
0.33,0.91,0.22,2.73,-3.01,-1.89,1,0,0,14/06/2023 05:06:58,,
0.33,0.91,0.22,2.73,-3.01,-1.89,1,0,0,14/06/2023 05:06:58,,
0.33,0.91,0.22,0.28,-4.55,-0.91,0,1,1,14/06/2023 05:06:58,,
0.33,0.91,0.22,0.28,-4.55,-0.91,0,1,1,14/06/2023 05:06:58,,
0.33,0.91,0.22,0.28,-4.55,-0.91,0,1,1,14/06/2023 05:06:58,,
0.33,0.92,0.22,-0.07,-4.69,-2.73,0,1,0,14/06/2023 05:06:58,,
0.33,0.92,0.22,-0.07,-4.69,-2.73,0,1,0,14/06/2023 05:06:58,,
0.33,0.92,0.22,-0.07,-4.69,-2.73,0,1,0,14/06/2023 05:06:58,,
0.33,0.92,0.22,-0.07,-4.69,-2.73,0,1,0,14/06/2023 05:06:58,,
0.37,0.95,0.23,-3.99,-9.73,-0.28,1,0,0,14/06/2023 05:06:58,,
0.37,0.95,0.23,-3.99,-9.73,-0.28,1,0,0,14/06/2023 05:06:58,,
0.37,0.95,0.23,-3.99,-9.73,-0.28,1,0,0,14/06/2023 05:06:58,,
0.37,0.95,0.23,-3.99,-9.73,-0.28,1,0,0,14/06/2023 05:06:58,,
0.36,0.98,0.19,-27.02,-7.07,12.39,0,0,0,14/06/2023 05:06:58,,
0.36,0.98,0.19,-27.02,-7.07,12.39,0,0,0,14/06/2023 05:06:58,,
0.36,0.98,0.19,-27.02,-7.07,12.39,0,0,0,14/06/2023 05:06:58,,
0.36,0.90,0.21,-44.10,2.87,13.72,0,1,0,14/06/2023 05:06:58,,
0.36,0.90,0.21,-44.10,2.87,13.72,0,1,0,14/06/2023 05:06:58,,
0.36,0.90,0.21,-44.10,2.87,13.72,0,1,0,14/06/2023 05:06:58,,
0.36,0.90,0.21,-44.10,2.87,13.72,0,1,0,14/06/2023 05:06:58,,
0.35,0.86,0.28,-33.32,3.64,12.46,0,0,0,14/06/2023 05:06:58,,
0.35,0.86,0.28,-33.32,3.64,12.46,0,0,0,14/06/2023 05:06:58,,
0.35,0.86,0.28,-33.32,3.64,12.46,0,0,0,14/06/2023 05:06:58,,
0.36,0.85,0.34,-20.02,0.63,9.66,0,0,0,14/06/2023 05:06:58,,
0.36,0.85,0.34,-20.02,0.63,9.66,0,0,0,14/06/2023 05:06:58,,
0.36,0.85,0.34,-20.02,0.63,9.66,0,0,0,14/06/2023 05:06:58,,
0.36,0.85,0.34,-20.02,0.63,9.66,0,0,0,14/06/2023 05:06:58,,
0.37,0.86,0.37,-19.18,-2.52,3.78,0,0,0,14/06/2023 05:06:58,,
0.37,0.86,0.37,-19.18,-2.52,3.78,0,0,0,14/06/2023 05:06:58,,
0.37,0.86,0.37,-19.18,-2.52,3.78,0,0,0,14/06/2023 05:06:58,,
0.37,0.86,0.37,-19.18,-2.52,3.78,0,0,0,14/06/2023 05:06:58,,
0.37,0.81,0.40,-9.59,6.72,-7.35,1,0,0,14/06/2023 05:06:58,,
0.37,0.81,0.40,-9.59,6.72,-7.35,1,0,0,14/06/2023 05:06:58,,
0.37,0.81,0.40,-9.59,6.72,-7.35,1,0,0,14/06/2023 05:06:58,,
0.38,0.75,0.47,9.24,8.19,1.05,0,0,0,14/06/2023 05:06:58,,
0.38,0.75,0.47,9.24,8.19,1.05,0,0,0,14/06/2023 05:06:58,,
0.38,0.75,0.47,9.24,8.19,1.05,0,0,0,14/06/2023 05:06:58,,
0.38,0.75,0.47,9.24,8.19,1.05,0,0,0,14/06/2023 05:06:58,,
0.38,0.75,0.47,9.24,8.19,1.05,0,0,0,14/06/2023 05:06:58,,
0.38,0.75,0.47,9.24,8.19,1.05,0,0,0,14/06/2023 05:06:58,,
0.38,0.75,0.47,9.24,8.19,1.05,0,0,0,14/06/2023 05:06:58,,
0.44,0.95,0.30,14.07,-1.40,-5.25,0,0,0,14/06/2023 05:06:58,,
0.29,0.69,0.28,45.36,-17.71,-13.37,0,0,1,14/06/2023 05:06:58,,
0.29,0.69,0.28,45.36,-17.71,-13.37,0,0,1,14/06/2023 05:06:58,,
0.29,0.69,0.28,45.36,-17.71,-13.37,0,0,1,14/06/2023 05:06:58,,
0.41,0.93,0.31,-0.98,-3.78,-6.72,0,1,0,14/06/2023 05:06:58,,
0.41,0.93,0.31,-0.98,-3.78,-6.72,0,1,0,14/06/2023 05:06:58,,
0.41,0.93,0.31,-0.98,-3.78,-6.72,0,1,0,14/06/2023 05:06:58,,
0.41,0.93,0.31,-0.98,-3.78,-6.72,0,1,0,14/06/2023 05:06:58,,
0.40,0.86,0.31,4.76,2.94,-13.16,0,0,0,14/06/2023 05:06:59,,
0.40,0.86,0.31,4.76,2.94,-13.16,0,0,0,14/06/2023 05:06:59,,
0.40,0.86,0.31,4.76,2.94,-13.16,0,0,0,14/06/2023 05:06:59,,
0.40,0.86,0.31,4.76,2.94,-13.16,0,0,0,14/06/2023 05:06:59,,
0.40,0.86,0.31,4.76,2.94,-13.16,0,0,0,14/06/2023 05:06:59,,
0.40,0.86,0.31,4.76,2.94,-13.16,0,0,0,14/06/2023 05:06:59,,
0.40,0.86,0.31,4.76,2.94,-13.16,0,0,0,14/06/2023 05:06:59,,
0.30,0.91,0.27,22.12,-4.06,-11.48,1,0,0,14/06/2023 05:06:59,,
0.33,0.92,0.29,-2.80,3.64,-9.24,0,1,0,14/06/2023 05:06:59,,
0.33,0.92,0.29,-2.80,3.64,-9.24,0,1,0,14/06/2023 05:06:59,,
0.35,0.86,0.27,-0.91,2.94,-12.04,0,1,0,14/06/2023 05:06:59,,
0.35,0.86,0.27,-0.91,2.94,-12.04,0,1,0,14/06/2023 05:06:59,,
0.35,0.86,0.27,-0.91,2.94,-12.04,0,1,0,14/06/2023 05:06:59,,
0.35,0.86,0.27,-0.91,2.94,-12.04,0,1,0,14/06/2023 05:06:59,,
0.31,0.92,0.28,7.49,-3.85,-0.42,1,0,0,14/06/2023 05:06:59,,
0.31,0.92,0.28,7.49,-3.85,-0.42,1,0,0,14/06/2023 05:06:59,,
0.31,0.92,0.28,7.49,-3.85,-0.42,1,0,0,14/06/2023 05:06:59,,
0.31,0.92,0.28,7.49,-3.85,-0.42,1,0,0,14/06/2023 05:06:59,,
0.31,0.92,0.28,7.49,-3.85,-0.42,1,0,0,14/06/2023 05:06:59,,
0.31,0.92,0.28,7.49,-3.85,-0.42,1,0,0,14/06/2023 05:06:59,,
0.31,0.92,0.28,7.49,-3.85,-0.42,1,0,0,14/06/2023 05:06:59,,
0.32,0.93,0.25,-7.42,-0.91,-5.04,1,0,0,14/06/2023 05:06:59,,
0.34,0.88,0.24,45.78,-11.55,0.91,0,1,0,14/06/2023 05:06:59,,
0.34,0.88,0.24,45.78,-11.55,0.91,0,1,0,14/06/2023 05:06:59,,
0.34,0.88,0.24,45.78,-11.55,0.91,0,1,0,14/06/2023 05:06:59,,
0.33,0.96,0.29,3.36,-2.10,-17.08,0,0,0,14/06/2023 05:06:59,,
0.33,0.96,0.29,3.36,-2.10,-17.08,0,0,0,14/06/2023 05:06:59,,
0.33,0.96,0.29,3.36,-2.10,-17.08,0,0,0,14/06/2023 05:06:59,,
